<root>
    <item name='android.content.Context'>
        <annotation name='java.lang.annotation.Deprecated' />
    </item>
    <item name='android.content.Context java.lang.CharSequence getText(int)'>
        <annotation name='java.lang.annotation.Deprecated' />
        <annotation name='org.jetbrains.annotations.Nullable' />
    </item>
    <item name='android.content.ContextWrapper android.content.Context getApplicationContext()'>
        <annotation name='org.jetbrains.annotations.Nullable' />
    </item>
    <item name='android.content.ContextWrapper android.content.Context getBaseContext()'>
        <annotation name='org.jetbrains.annotations.Nullable' />
    </item>
</root>